{"a":6.2,"b":3.0999999046325684,"c":1,"d":{"a":1.2,"b":3.5999999046325684,"c":6}}
